{
    "name": "yumiyumi17",
    "vendorId": "0xFEED",
    "productId": "0x0000",
    "matrix": {
        "rows": 10,
        "cols": 7
    },
    "layouts": {
        "labels": [
            [
                "Layout",
                "LAYOUT"
            ]
        ],
        "keymap": [
            [
                {
                    "x": 2.453337535406872,
                    "y": 3.6100000000000003
                },
                "3,1\n\n\n0,0",
                {
                    "x": 14.4
                },
                "8,5\n\n\n0,0"
            ],
            [
                {
                    "x": 1.453337535406872
                },
                "4,0\n\n\n0,0",
                {
                    "x": 16.4
                },
                "9,6\n\n\n0,0"
            ],
            [
                {
                    "x": 2.453337535406872,
                    "y": -1
                },
                "4,1\n\n\n0,0",
                "4,2\n\n\n0,0",
                {
                    "x": 12.4
                },
                "9,4\n\n\n0,0",
                "9,5\n\n\n0,0"
            ],
            [
                {
                    "r": 8,
                    "rx": 3.786402048899939,
                    "ry": 0
                },
                "0,3\n\n\n0,0"
            ],
            [
                {
                    "r": -8,
                    "rx": 16.53000495317223,
                    "ry": 0.1391731009600652
                },
                "5,3\n\n\n0,0"
            ],
            [
                {
                    "r": 3,
                    "rx": 2.398851372384714,
                    "ry": 0.14680788998936212
                },
                "0,2\n\n\n0,0"
            ],
            [
                {
                    "r": -3,
                    "rx": 17.909194163674456,
                    "ry": 0.19914384623230585
                },
                "5,4\n\n\n0,0"
            ],
            [
                {
                    "r": 15,
                    "rx": 5.174168847728307,
                    "ry": 0.5241422903641704
                },
                "0,4\n\n\n0,0"
            ],
            [
                {
                    "r": -15,
                    "rx": 15.166580396796368,
                    "ry": 0.7829613354666911
                },
                "5,2\n\n\n0,0"
            ],
            [
                {
                    "r": 8,
                    "rx": 3.6472289479398743,
                    "ry": 0.9902680687415701
                },
                "1,3\n\n\n0,0"
            ],
            [
                {
                    "r": -8,
                    "rx": 16.669178054132296,
                    "ry": 1.1294411697016358
                },
                "6,3\n\n\n0,0"
            ],
            [
                {
                    "r": 15,
                    "rx": 6.043037532103931,
                    "ry": 1.1451835203250917
                },
                "0,5\n\n\n0,0"
            ],
            [
                {
                    "r": 3,
                    "rx": 2.346515416141772,
                    "ry": 1.1454374247439358
                },
                "1,2\n\n\n0,0"
            ],
            [
                {
                    "r": -3,
                    "rx": 17.9615301199174,
                    "ry": 1.1977733809868796
                },
                "6,4\n\n\n0,0"
            ],
            [
                {
                    "r": -15,
                    "rx": 14.297711712420744,
                    "ry": 1.4040025654276125
                },
                "5,1\n\n\n0,0"
            ],
            [
                {
                    "r": 15,
                    "rx": 4.915349802625787,
                    "ry": 1.4900681166532381
                },
                "1,4\n\n\n0,0"
            ],
            [
                {
                    "r": 5,
                    "rx": 19.357863546004083,
                    "ry": 1.5230936529167076
                },
                "5,5\n\n\n0,0"
            ],
            [
                {
                    "r": -5,
                    "rx": 0.9526168267179163,
                    "ry": 1.6102493956643658
                },
                "0,1\n\n\n0,0"
            ],
            [
                {
                    "r": -15,
                    "rx": 15.425399441898888,
                    "ry": 1.7488871617557589
                },
                "6,2\n\n\n0,0"
            ],
            [
                {
                    "r": 15,
                    "rx": 6.9247841448135965,
                    "ry": 1.755125818489165
                },
                "1,6\n\n\n0,0"
            ],
            [
                {
                    "r": 8,
                    "rx": 3.5080558469798095,
                    "ry": 1.9805361374831412
                },
                "2,3\n\n\n0,0"
            ],
            [
                {
                    "r": -15,
                    "rx": 13.415965099711078,
                    "ry": 2.013944863591685
                },
                "6,0\n\n\n0,0"
            ],
            [
                {
                    "r": 5,
                    "rx": 20.310480372721997,
                    "ry": 2.1083467447102393
                },
                "5,6\n\n\n0,0"
            ],
            [
                {
                    "r": 15,
                    "rx": 5.784218487001409,
                    "ry": 2.1111093466141595
                },
                "1,5\n\n\n0,0"
            ],
            [
                {
                    "r": -8,
                    "rx": 16.80835115509236,
                    "ry": 2.119709238443206
                },
                "7,3\n\n\n0,0"
            ],
            [
                {
                    "r": 3,
                    "rx": 2.294179459898828,
                    "ry": 2.1440669594985096
                },
                "2,2\n\n\n0,0"
            ],
            [
                {
                    "r": -5,
                    "rx": 0,
                    "ry": 2.1955024874578974
                },
                "0,0\n\n\n0,0"
            ],
            [
                {
                    "r": -3,
                    "rx": 18.01386607616034,
                    "ry": 2.1964029157414533
                },
                "7,4\n\n\n0,0"
            ],
            [
                {
                    "r": -15,
                    "rx": 14.556530757523264,
                    "ry": 2.3699283917166802
                },
                "6,1\n\n\n0,0"
            ],
            [
                {
                    "r": 15,
                    "rx": 4.6565307575232655,
                    "ry": 2.4559939429423077
                },
                "2,4\n\n\n0,0"
            ],
            [
                {
                    "r": 5,
                    "rx": 19.27070780325642,
                    "ry": 2.519288351008453
                },
                "6,5\n\n\n0,0"
            ],
            [
                {
                    "r": -5,
                    "rx": 1.0397725694655744,
                    "ry": 2.606444093756111
                },
                "1,1\n\n\n0,0"
            ],
            [
                {
                    "r": -15,
                    "rx": 15.684218487001411,
                    "ry": 2.7148129880448284
                },
                "7,2\n\n\n0,0"
            ],
            [
                {
                    "r": 15,
                    "rx": 6.6747841448135965,
                    "ry": 2.7210516447782327
                },
                "2,6\n\n\n0,0"
            ],
            [
                {
                    "r": -15,
                    "rx": 13.665965099711078,
                    "ry": 2.9798706898807543
                },